TALLA/EDAD NIÑOS Z DE 0 A 19 AÑOS,,,,,,,,TALLA/EDAD NIÑAS Z DE 0 A 19 AÑOS,,,,,,,,,,,,,,,,,,,,,,,,,,,,,,,,,,,,,,,,,
MES,SD3neg,SD2neg,SD1neg,SD0,SD1,SD2,,MES,SD3neg,-2 SD,-1 SD,Median,1 SD,2 SD,,,,,,,,,,,,,,,,,,,,,,,,,,,,,,,,,,,
0.000,44.200,46.100,48.000,49.900,51.800,53.700,,0.000,43.600,45.400,47.300,49.100,51.000,52.900,,,,,,,,,,,,,,,,,,,,,,,,,,,,,,,,,,,
1.000,48.900,50.800,52.800,54.700,56.700,58.600,,1.000,47.800,49.800,51.700,53.700,55.600,57.600,,,,,,,,,,,,,,,,,,,,,,,,,,,,,,,,,,,
2.000,52.400,54.400,56.400,58.400,60.400,62.400,,2.000,51.000,53.000,55.000,57.100,59.100,61.100,,,,,,,,,,,,,,,,,,,,,,,,,,,,,,,,,,,
3.000,55.300,57.300,59.400,61.400,63.500,65.500,,3.000,53.500,55.600,57.700,59.800,61.900,64.000,,,,,,,,,,,,,,,,,,,,,,,,,,,,,,,,,,,
4.000,57.600,59.700,61.800,63.900,66.000,68.000,,4.000,55.600,57.800,59.900,62.100,64.300,66.400,,,,,,,,,,,,,,,,,,,,,,,,,,,,,,,,,,,
5.000,59.600,61.700,63.800,65.900,68.000,70.100,,5.000,57.400,59.600,61.800,64.000,66.200,68.500,,,,,,,,,,,,,,,,,,,,,,,,,,,,,,,,,,,
6.000,61.200,63.300,65.500,67.600,69.800,71.900,,6.000,58.900,61.200,63.500,65.700,68.000,70.300,,,,,,,,,,,,,,,,,,,,,,,,,,,,,,,,,,,
7.000,62.700,64.800,67.000,69.200,71.300,73.500,,7.000,60.300,62.700,65.000,67.300,69.600,71.900,,,,,,,,,,,,,,,,,,,,,,,,,,,,,,,,,,,
8.000,64.000,66.200,68.400,70.600,72.800,75.000,,8.000,61.700,64.000,66.400,68.700,71.100,73.500,,,,,,,,,,,,,,,,,,,,,,,,,,,,,,,,,,,
9.000,65.200,67.500,69.700,72.000,74.200,76.500,,9.000,62.900,65.300,67.700,70.100,72.600,75.000,,,,,,,,,,,,,,,,,,,,,,,,,,,,,,,,,,,
10.000,66.400,68.700,71.000,73.300,75.600,77.900,,10.000,64.100,66.500,69.000,71.500,73.900,76.400,,,,,,,,,,,,,,,,,,,,,,,,,,,,,,,,,,,
11.000,67.600,69.900,72.200,74.500,76.900,79.200,,11.000,65.200,67.700,70.300,72.800,75.300,77.800,,,,,,,,,,,,,,,,,,,,,,,,,,,,,,,,,,,
12.000,68.600,71.000,73.400,75.700,78.100,80.500,,12.000,66.300,68.900,71.400,74.000,76.600,79.200,,,,,,,,,,,,,,,,,,,,,,,,,,,,,,,,,,,
13.000,69.600,72.100,74.500,76.900,79.300,81.800,,13.000,67.300,70.000,72.600,75.200,77.800,80.500,,,,,,,,,,,,,,,,,,,,,,,,,,,,,,,,,,,
14.000,70.600,73.100,75.600,78.000,80.500,83.000,,14.000,68.300,71.000,73.700,76.400,79.100,81.700,,,,,,,,,,,,,,,,,,,,,,,,,,,,,,,,,,,
15.000,71.600,74.100,76.600,79.100,81.700,84.200,,15.000,69.300,72.000,74.800,77.500,80.200,83.000,,,,,,,,,,,,,,,,,,,,,,,,,,,,,,,,,,,
16.000,72.500,75.000,77.600,80.200,82.800,85.400,,16.000,70.200,73.000,75.800,78.600,81.400,84.200,,,,,,,,,,,,,,,,,,,,,,,,,,,,,,,,,,,
17.000,73.300,76.000,78.600,81.200,83.900,86.500,,17.000,71.100,74.000,76.800,79.700,82.500,85.400,,,,,,,,,,,,,,,,,,,,,,,,,,,,,,,,,,,
18.000,74.200,76.900,79.600,82.300,85.000,87.700,,18.000,72.000,74.900,77.800,80.700,83.600,86.500,,,,,,,,,,,,,,,,,,,,,,,,,,,,,,,,,,,
19.000,75.000,77.700,80.500,83.200,86.000,88.800,,19.000,72.800,75.800,78.800,81.700,84.700,87.600,,,,,,,,,,,,,,,,,,,,,,,,,,,,,,,,,,,
20.000,75.800,78.600,81.400,84.200,87.000,89.800,,20.000,73.700,76.700,79.700,82.700,85.700,88.700,,,,,,,,,,,,,,,,,,,,,,,,,,,,,,,,,,,
21.000,76.500,79.400,82.300,85.100,88.000,90.900,,21.000,74.500,77.500,80.600,83.700,86.700,89.800,,,,,,,,,,,,,,,,,,,,,,,,,,,,,,,,,,,
22.000,77.200,80.200,83.100,86.000,89.000,91.900,,22.000,75.200,78.400,81.500,84.600,87.700,90.800,,,,,,,,,,,,,,,,,,,,,,,,,,,,,,,,,,,
23.000,78.000,81.000,83.900,86.900,89.900,92.900,,23.000,76.000,79.200,82.300,85.500,88.700,91.900,,,,,,,,,,,,,,,,,,,,,,,,,,,,,,,,,,,
24.000,78.000,81.700,84.800,87.800,90.900,93.900,,24.000,76.000,80.000,83.200,86.400,89.600,92.900,,,,,,,,,,,,,,,,,,,,,,,,,,,,,,,,,,,
25.000,78.600,81.700,84.900,88.000,91.100,94.200,,25.000,76.800,80.000,83.300,86.600,89.900,93.100,,,,,,,,,,,,,,,,,,,,,,,,,,,,,,,,,,,
26.000,79.300,82.500,85.600,88.800,92.000,95.200,,26.000,77.500,80.800,84.100,87.400,90.800,94.100,,,,,,,,,,,,,,,,,,,,,,,,,,,,,,,,,,,
27.000,79.900,83.100,86.400,89.600,92.900,96.100,,27.000,78.100,81.500,84.900,88.300,91.700,95.000,,,,,,,,,,,,,,,,,,,,,,,,,,,,,,,,,,,
28.000,80.500,83.800,87.100,90.400,93.700,97.000,,28.000,78.800,82.200,85.700,89.100,92.500,96.000,,,,,,,,,,,,,,,,,,,,,,,,,,,,,,,,,,,
29.000,81.100,84.500,87.800,91.200,94.500,97.900,,29.000,79.500,82.900,86.400,89.900,93.400,96.900,,,,,,,,,,,,,,,,,,,,,,,,,,,,,,,,,,,
30.000,81.700,85.100,88.500,91.900,95.300,98.700,,30.000,80.100,83.600,87.100,90.700,94.200,97.700,,,,,,,,,,,,,,,,,,,,,,,,,,,,,,,,,,,
31.000,82.300,85.700,89.200,92.700,96.100,99.600,,31.000,80.700,84.300,87.900,91.400,95.000,98.600,,,,,,,,,,,,,,,,,,,,,,,,,,,,,,,,,,,
32.000,82.800,86.400,89.900,93.400,96.900,100.400,,32.000,81.300,84.900,88.600,92.200,95.800,99.400,,,,,,,,,,,,,,,,,,,,,,,,,,,,,,,,,,,
33.000,83.400,86.900,90.500,94.100,97.600,101.200,,33.000,81.900,85.600,89.300,92.900,96.600,100.300,,,,,,,,,,,,,,,,,,,,,,,,,,,,,,,,,,,
34.000,83.900,87.500,91.100,94.800,98.400,102.000,,34.000,82.500,86.200,89.900,93.600,97.400,101.100,,,,,,,,,,,,,,,,,,,,,,,,,,,,,,,,,,,
35.000,84.400,88.100,91.800,95.400,99.100,102.700,,35.000,83.100,86.800,90.600,94.400,98.100,101.900,,,,,,,,,,,,,,,,,,,,,,,,,,,,,,,,,,,
36.000,85.000,88.700,92.400,96.100,99.800,103.500,,36.000,83.600,87.400,91.200,95.100,98.900,102.700,,,,,,,,,,,,,,,,,,,,,,,,,,,,,,,,,,,
37.000,85.500,89.200,93.000,96.700,100.500,104.200,,37.000,84.200,88.000,91.900,95.700,99.600,103.400,,,,,,,,,,,,,,,,,,,,,,,,,,,,,,,,,,,
38.000,86.000,89.800,93.600,97.400,101.200,105.000,,38.000,84.700,88.600,92.500,96.400,100.300,104.200,,,,,,,,,,,,,,,,,,,,,,,,,,,,,,,,,,,
39.000,86.500,90.300,94.200,98.000,101.800,105.700,,39.000,85.300,89.200,93.100,97.100,101.000,105.000,,,,,,,,,,,,,,,,,,,,,,,,,,,,,,,,,,,
40.000,87.000,90.900,94.700,98.600,102.500,106.400,,40.000,85.800,89.800,93.800,97.700,101.700,105.700,,,,,,,,,,,,,,,,,,,,,,,,,,,,,,,,,,,
41.000,87.500,91.400,95.300,99.200,103.200,107.100,,41.000,86.300,90.400,94.400,98.400,102.400,106.400,,,,,,,,,,,,,,,,,,,,,,,,,,,,,,,,,,,
42.000,88.000,91.900,95.900,99.900,103.800,107.800,,42.000,86.800,90.900,95.000,99.000,103.100,107.200,,,,,,,,,,,,,,,,,,,,,,,,,,,,,,,,,,,
43.000,88.400,92.400,96.400,100.400,104.500,108.500,,43.000,87.400,91.500,95.600,99.700,103.800,107.900,,,,,,,,,,,,,,,,,,,,,,,,,,,,,,,,,,,
44.000,88.900,93.000,97.000,101.000,105.100,109.100,,44.000,87.900,92.000,96.200,100.300,104.500,108.600,,,,,,,,,,,,,,,,,,,,,,,,,,,,,,,,,,,
45.000,89.400,93.500,97.500,101.600,105.700,109.800,,45.000,88.400,92.500,96.700,100.900,105.100,109.300,,,,,,,,,,,,,,,,,,,,,,,,,,,,,,,,,,,
46.000,89.800,94.000,98.100,102.200,106.300,110.400,,46.000,88.900,93.100,97.300,101.500,105.800,110.000,,,,,,,,,,,,,,,,,,,,,,,,,,,,,,,,,,,
47.000,90.300,94.400,98.600,102.800,106.900,111.100,,47.000,89.300,93.600,97.900,102.100,106.400,110.700,,,,,,,,,,,,,,,,,,,,,,,,,,,,,,,,,,,
48.000,90.700,94.900,99.100,103.300,107.500,111.700,,48.000,89.800,94.100,98.400,102.700,107.000,111.300,,,,,,,,,,,,,,,,,,,,,,,,,,,,,,,,,,,
49.000,91.200,95.400,99.700,103.900,108.100,112.400,,49.000,90.300,94.600,99.000,103.300,107.700,112.000,,,,,,,,,,,,,,,,,,,,,,,,,,,,,,,,,,,
50.000,91.600,95.900,100.200,104.400,108.700,113.000,,50.000,90.700,95.100,99.500,103.900,108.300,112.700,,,,,,,,,,,,,,,,,,,,,,,,,,,,,,,,,,,
51.000,92.100,96.400,100.700,105.000,109.300,113.600,,51.000,91.200,95.600,100.100,104.500,108.900,113.300,,,,,,,,,,,,,,,,,,,,,,,,,,,,,,,,,,,
52.000,92.500,96.900,101.200,105.600,109.900,114.200,,52.000,91.700,96.100,100.600,105.000,109.500,114.000,,,,,,,,,,,,,,,,,,,,,,,,,,,,,,,,,,,
53.000,93.000,97.400,101.700,106.100,110.500,114.900,,53.000,92.100,96.600,101.100,105.600,110.100,114.600,,,,,,,,,,,,,,,,,,,,,,,,,,,,,,,,,,,
54.000,93.400,97.800,102.300,106.700,111.100,115.500,,54.000,92.600,97.100,101.600,106.200,110.700,115.200,,,,,,,,,,,,,,,,,,,,,,,,,,,,,,,,,,,
55.000,93.900,98.300,102.800,107.200,111.700,116.100,,55.000,93.000,97.600,102.200,106.700,111.300,115.900,,,,,,,,,,,,,,,,,,,,,,,,,,,,,,,,,,,
56.000,94.300,98.800,103.300,107.800,112.300,116.700,,56.000,93.400,98.100,102.700,107.300,111.900,116.500,,,,,,,,,,,,,,,,,,,,,,,,,,,,,,,,,,,
57.000,94.700,99.300,103.800,108.300,112.800,117.400,,57.000,93.900,98.500,103.200,107.800,112.500,117.100,,,,,,,,,,,,,,,,,,,,,,,,,,,,,,,,,,,
58.000,95.200,99.700,104.300,108.900,113.400,118.000,,58.000,94.300,99.000,103.700,108.400,113.000,117.700,,,,,,,,,,,,,,,,,,,,,,,,,,,,,,,,,,,
59.000,95.600,100.200,104.800,109.400,114.000,118.600,,59.000,94.700,99.500,104.200,108.900,113.600,118.300,,,,,,,,,,,,,,,,,,,,,,,,,,,,,,,,,,,
60.000,,100.700,105.300,110.000,114.600,119.200,,60.000,,99.900,104.700,109.400,114.200,118.900,,,,,,,,,,,,,,,,,,,,,,,,,,,,,,,,,,,
61.000,,101.082,105.673,110.265,114.856,119.448,,61.000,,100.055,104.828,109.602,114.375,119.148,,,,,,,,,,,,,,,,,,,,,,,,,,,,,,,,,,,
62.000,,101.555,106.178,110.801,115.423,120.046,,62.000,,100.514,105.320,110.126,114.932,119.738,,,,,,,,,,,,,,,,,,,,,,,,,,,,,,,,,,,
63.000,,102.026,106.680,111.334,115.988,120.641,,63.000,,100.968,105.807,110.645,115.484,120.322,,,,,,,,,,,,,,,,,,,,,,,,,,,,,,,,,,,
64.000,,102.496,107.180,111.864,116.547,121.231,,64.000,,101.418,106.289,111.160,116.031,120.902,,,,,,,,,,,,,,,,,,,,,,,,,,,,,,,,,,,
65.000,,102.960,107.675,112.390,117.104,121.819,,65.000,,101.865,106.767,111.670,116.572,121.474,,,,,,,,,,,,,,,,,,,,,,,,,,,,,,,,,,,
66.000,,103.420,108.165,112.911,117.657,122.402,,66.000,,102.306,107.241,112.175,117.110,122.044,,,,,,,,,,,,,,,,,,,,,,,,,,,,,,,,,,,
67.000,,103.875,108.652,113.428,118.204,122.981,,67.000,,102.745,107.711,112.677,117.642,122.608,,,,,,,,,,,,,,,,,,,,,,,,,,,,,,,,,,,
68.000,,104.329,109.135,113.941,118.747,123.553,,68.000,,103.181,108.177,113.174,118.171,123.167,,,,,,,,,,,,,,,,,,,,,,,,,,,,,,,,,,,
69.000,,104.777,109.613,114.450,119.287,124.123,,69.000,,103.612,108.640,113.667,118.695,123.722,,,,,,,,,,,,,,,,,,,,,,,,,,,,,,,,,,,
70.000,,105.220,110.088,114.955,119.822,124.689,,70.000,,104.040,109.098,114.156,119.215,124.273,,,,,,,,,,,,,,,,,,,,,,,,,,,,,,,,,,,
71.000,,105.662,110.558,115.455,120.351,125.248,,71.000,,104.464,109.553,114.642,119.731,124.820,,,,,,,,,,,,,,,,,,,,,,,,,,,,,,,,,,,
72.000,,106.097,111.024,115.951,120.878,125.804,,72.000,,104.885,110.005,115.124,120.244,125.364,,,,,,,,,,,,,,,,,,,,,,,,,,,,,,,,,,,
73.000,,106.529,111.486,116.443,121.400,126.357,,73.000,,105.306,110.455,115.604,120.753,125.902,,,,,,,,,,,,,,,,,,,,,,,,,,,,,,,,,,,
74.000,,106.960,111.946,116.932,121.919,126.905,,74.000,,105.724,110.903,116.081,121.260,126.438,,,,,,,,,,,,,,,,,,,,,,,,,,,,,,,,,,,
75.000,,107.387,112.403,117.420,122.436,127.452,,75.000,,106.139,111.348,116.557,121.766,126.975,,,,,,,,,,,,,,,,,,,,,,,,,,,,,,,,,,,
76.000,,107.812,112.858,117.905,122.951,127.997,,76.000,,106.557,111.794,117.031,122.268,127.505,,,,,,,,,,,,,,,,,,,,,,,,,,,,,,,,,,,
77.000,,108.237,113.313,118.388,123.463,128.539,,77.000,,106.971,112.238,117.504,122.771,128.037,,,,,,,,,,,,,,,,,,,,,,,,,,,,,,,,,,,
78.000,,108.659,113.765,118.870,123.975,129.081,,78.000,,107.385,112.681,117.977,123.273,128.569,,,,,,,,,,,,,,,,,,,,,,,,,,,,,,,,,,,
79.000,,109.079,114.215,119.351,124.486,129.622,,79.000,,107.800,113.125,118.449,123.773,129.097,,,,,,,,,,,,,,,,,,,,,,,,,,,,,,,,,,,
80.000,,109.499,114.664,119.830,124.996,130.162,,80.000,,108.213,113.567,118.921,124.275,129.628,,,,,,,,,,,,,,,,,,,,,,,,,,,,,,,,,,,
81.000,,109.919,115.114,120.308,125.503,130.698,,81.000,,108.628,114.010,119.393,124.775,130.157,,,,,,,,,,,,,,,,,,,,,,,,,,,,,,,,,,,
82.000,,110.335,115.560,120.785,126.010,131.236,,82.000,,109.043,114.454,119.865,125.275,130.686,,,,,,,,,,,,,,,,,,,,,,,,,,,,,,,,,,,
83.000,,110.750,116.005,121.260,126.516,131.771,,83.000,,109.459,114.898,120.337,125.777,131.216,,,,,,,,,,,,,,,,,,,,,,,,,,,,,,,,,,,
84.000,,111.162,116.448,121.734,127.019,132.305,,84.000,,109.877,115.344,120.810,126.277,131.744,,,,,,,,,,,,,,,,,,,,,,,,,,,,,,,,,,,
85.000,,111.573,116.889,122.205,127.521,132.837,,85.000,,110.294,115.789,121.284,126.780,132.275,,,,,,,,,,,,,,,,,,,,,,,,,,,,,,,,,,,
86.000,,111.983,117.329,122.675,128.021,133.367,,86.000,,110.713,116.236,121.759,127.282,132.805,,,,,,,,,,,,,,,,,,,,,,,,,,,,,,,,,,,
87.000,,112.390,117.766,123.143,128.519,133.896,,87.000,,111.130,116.682,122.234,127.786,133.338,,,,,,,,,,,,,,,,,,,,,,,,,,,,,,,,,,,
88.000,,112.796,118.203,123.609,129.016,134.423,,88.000,,111.551,117.130,122.710,128.289,133.869,,,,,,,,,,,,,,,,,,,,,,,,,,,,,,,,,,,
89.000,,113.200,118.637,124.074,129.511,134.947,,89.000,,111.974,117.581,123.187,128.793,134.399,,,,,,,,,,,,,,,,,,,,,,,,,,,,,,,,,,,
90.000,,113.602,119.069,124.536,130.003,135.470,,90.000,,112.396,118.030,123.665,129.299,134.933,,,,,,,,,,,,,,,,,,,,,,,,,,,,,,,,,,,
91.000,,114.002,119.499,124.996,130.494,135.991,,91.000,,112.819,118.481,124.144,129.806,135.468,,,,,,,,,,,,,,,,,,,,,,,,,,,,,,,,,,,
92.000,,114.399,119.927,125.454,130.982,136.510,,92.000,,113.245,118.934,124.623,130.312,136.002,,,,,,,,,,,,,,,,,,,,,,,,,,,,,,,,,,,
93.000,,114.795,120.353,125.910,131.468,137.026,,93.000,,113.672,119.388,125.104,130.821,136.537,,,,,,,,,,,,,,,,,,,,,,,,,,,,,,,,,,,
94.000,,115.188,120.776,126.364,131.952,137.540,,94.000,,114.101,119.844,125.587,131.330,137.073,,,,,,,,,,,,,,,,,,,,,,,,,,,,,,,,,,,
95.000,,115.580,121.198,126.816,132.434,138.051,,95.000,,114.530,120.300,126.071,131.841,137.611,,,,,,,,,,,,,,,,,,,,,,,,,,,,,,,,,,,
96.000,,115.969,121.617,127.265,132.913,138.561,,96.000,,114.961,120.758,126.556,132.353,138.151,,,,,,,,,,,,,,,,,,,,,,,,,,,,,,,,,,,
97.000,,116.357,122.035,127.713,133.391,139.069,,97.000,,115.393,121.218,127.042,132.867,138.692,,,,,,,,,,,,,,,,,,,,,,,,,,,,,,,,,,,
98.000,,116.743,122.451,128.159,133.867,139.575,,98.000,,115.828,121.679,127.530,133.381,139.233,,,,,,,,,,,,,,,,,,,,,,,,,,,,,,,,,,,
99.000,,117.127,122.865,128.603,134.342,140.080,,99.000,,116.265,122.143,128.020,133.897,139.775,,,,,,,,,,,,,,,,,,,,,,,,,,,,,,,,,,,
100.000,,117.510,123.278,129.047,134.815,140.583,,100.000,,116.703,122.607,128.511,134.415,140.318,,,,,,,,,,,,,,,,,,,,,,,,,,,,,,,,,,,
101.000,,117.892,123.690,129.489,135.287,141.086,,101.000,,117.143,123.073,129.004,134.934,140.864,,,,,,,,,,,,,,,,,,,,,,,,,,,,,,,,,,,
102.000,,118.270,124.100,129.930,135.760,141.590,,102.000,,117.584,123.541,129.498,135.454,141.411,,,,,,,,,,,,,,,,,,,,,,,,,,,,,,,,,,,
103.000,,118.650,124.510,130.370,136.231,142.091,,103.000,,118.029,124.011,129.993,135.975,141.958,,,,,,,,,,,,,,,,,,,,,,,,,,,,,,,,,,,
104.000,,119.030,124.920,130.810,136.701,142.591,,104.000,,118.475,124.483,130.490,136.498,142.506,,,,,,,,,,,,,,,,,,,,,,,,,,,,,,,,,,,
105.000,,119.408,125.329,131.250,137.170,143.091,,105.000,,118.920,124.954,130.989,137.024,143.058,,,,,,,,,,,,,,,,,,,,,,,,,,,,,,,,,,,
106.000,,119.786,125.737,131.688,137.639,143.590,,106.000,,119.371,125.430,131.490,137.549,143.608,,,,,,,,,,,,,,,,,,,,,,,,,,,,,,,,,,,
107.000,,120.164,126.146,132.127,138.108,144.090,,107.000,,119.822,125.906,131.991,138.076,144.161,,,,,,,,,,,,,,,,,,,,,,,,,,,,,,,,,,,
108.000,,120.542,126.553,132.565,138.577,144.589,,108.000,,120.273,126.384,132.494,138.605,144.716,,,,,,,,,,,,,,,,,,,,,,,,,,,,,,,,,,,
109.000,,120.918,126.961,133.003,139.045,145.088,,109.000,,120.728,126.864,132.999,139.134,145.269,,,,,,,,,,,,,,,,,,,,,,,,,,,,,,,,,,,
110.000,,121.295,127.368,133.440,139.513,145.586,,110.000,,121.185,127.345,133.505,139.665,145.824,,,,,,,,,,,,,,,,,,,,,,,,,,,,,,,,,,,
111.000,,121.670,127.774,133.877,139.980,146.084,,111.000,,121.643,127.827,134.012,140.196,146.381,,,,,,,,,,,,,,,,,,,,,,,,,,,,,,,,,,,
112.000,,122.048,128.180,134.313,140.446,146.578,,112.000,,122.101,128.311,134.520,140.730,146.939,,,,,,,,,,,,,,,,,,,,,,,,,,,,,,,,,,,
113.000,,122.422,128.585,134.748,140.912,147.075,,113.000,,122.564,128.797,135.030,141.263,147.496,,,,,,,,,,,,,,,,,,,,,,,,,,,,,,,,,,,
114.000,,122.795,128.989,135.183,141.377,147.571,,114.000,,123.025,129.283,135.541,141.799,148.057,,,,,,,,,,,,,,,,,,,,,,,,,,,,,,,,,,,
115.000,,123.170,129.393,135.617,141.840,148.064,,115.000,,123.490,129.772,136.053,142.335,148.616,,,,,,,,,,,,,,,,,,,,,,,,,,,,,,,,,,,
116.000,,123.542,129.796,136.050,142.304,148.559,,116.000,,123.959,130.263,136.567,142.871,149.175,,,,,,,,,,,,,,,,,,,,,,,,,,,,,,,,,,,
117.000,,123.916,130.199,136.483,142.767,149.050,,117.000,,124.427,130.754,137.082,143.410,149.738,,,,,,,,,,,,,,,,,,,,,,,,,,,,,,,,,,,
118.000,,124.286,130.601,136.915,143.230,149.544,,118.000,,124.896,131.247,137.599,143.950,150.302,,,,,,,,,,,,,,,,,,,,,,,,,,,,,,,,,,,
119.000,,124.659,131.003,137.347,143.691,150.036,,119.000,,125.369,131.743,138.117,144.491,150.865,,,,,,,,,,,,,,,,,,,,,,,,,,,,,,,,,,,
120.000,,125.032,131.406,137.780,144.153,150.527,,120.000,,125.843,132.240,138.636,145.033,151.430,,,,,,,,,,,,,,,,,,,,,,,,,,,,,,,,,,,
121.000,,125.405,131.809,138.212,144.615,151.019,,121.000,,126.322,132.740,139.158,145.575,151.993,,,,,,,,,,,,,,,,,,,,,,,,,,,,,,,,,,,
122.000,,125.779,132.212,138.645,145.078,151.511,,122.000,,126.799,133.240,139.680,146.121,152.562,,,,,,,,,,,,,,,,,,,,,,,,,,,,,,,,,,,
123.000,,126.154,132.617,139.080,145.543,152.006,,123.000,,127.281,133.743,140.205,146.667,153.129,,,,,,,,,,,,,,,,,,,,,,,,,,,,,,,,,,,
124.000,,126.530,133.023,139.516,146.009,152.502,,124.000,,127.764,134.248,140.731,147.215,153.698,,,,,,,,,,,,,,,,,,,,,,,,,,,,,,,,,,,
125.000,,126.907,133.431,139.954,146.477,153.001,,125.000,,128.249,134.754,141.259,147.764,154.269,,,,,,,,,,,,,,,,,,,,,,,,,,,,,,,,,,,
126.000,,127.290,133.843,140.395,146.947,153.499,,126.000,,128.736,135.263,141.789,148.316,154.842,,,,,,,,,,,,,,,,,,,,,,,,,,,,,,,,,,,
127.000,,127.673,134.256,140.839,147.422,154.004,,127.000,,129.227,135.774,142.321,148.867,155.414,,,,,,,,,,,,,,,,,,,,,,,,,,,,,,,,,,,
128.000,,128.062,134.674,141.286,147.898,154.510,,128.000,,129.719,136.286,142.853,149.420,155.987,,,,,,,,,,,,,,,,,,,,,,,,,,,,,,,,,,,
129.000,,128.453,135.095,141.737,148.379,155.020,,129.000,,130.213,136.800,143.387,149.975,156.562,,,,,,,,,,,,,,,,,,,,,,,,,,,,,,,,,,,
130.000,,128.848,135.520,142.192,148.863,155.535,,130.000,,130.707,137.315,143.922,150.530,157.137,,,,,,,,,,,,,,,,,,,,,,,,,,,,,,,,,,,
131.000,,129.247,135.948,142.650,149.352,156.054,,131.000,,131.202,137.830,144.458,151.085,157.713,,,,,,,,,,,,,,,,,,,,,,,,,,,,,,,,,,,
132.000,,129.651,136.382,143.113,149.843,156.574,,132.000,,131.700,138.346,144.993,151.639,158.286,,,,,,,,,,,,,,,,,,,,,,,,,,,,,,,,,,,
133.000,,130.057,136.818,143.580,150.341,157.102,,133.000,,132.198,138.863,145.528,152.193,158.858,,,,,,,,,,,,,,,,,,,,,,,,,,,,,,,,,,,
134.000,,130.470,137.261,144.051,150.842,157.632,,134.000,,132.695,139.378,146.062,152.746,159.430,,,,,,,,,,,,,,,,,,,,,,,,,,,,,,,,,,,
135.000,,130.887,137.707,144.528,151.348,158.168,,135.000,,133.193,139.894,146.595,153.296,159.997,,,,,,,,,,,,,,,,,,,,,,,,,,,,,,,,,,,
136.000,,131.312,138.161,145.009,151.858,158.707,,136.000,,133.688,140.407,147.126,153.845,160.565,,,,,,,,,,,,,,,,,,,,,,,,,,,,,,,,,,,
137.000,,131.738,138.617,145.496,152.375,159.255,,137.000,,134.183,140.919,147.655,154.391,161.127,,,,,,,,,,,,,,,,,,,,,,,,,,,,,,,,,,,
138.000,,132.173,139.081,145.989,152.897,159.806,,138.000,,134.675,141.428,148.180,154.933,161.686,,,,,,,,,,,,,,,,,,,,,,,,,,,,,,,,,,,
139.000,,132.612,139.550,146.488,153.425,160.363,,139.000,,135.164,141.933,148.702,155.471,162.240,,,,,,,,,,,,,,,,,,,,,,,,,,,,,,,,,,,
140.000,,133.058,140.025,146.993,153.960,160.928,,140.000,,135.653,142.436,149.220,156.003,162.787,,,,,,,,,,,,,,,,,,,,,,,,,,,,,,,,,,,
141.000,,133.509,140.507,147.504,154.502,161.499,,141.000,,136.134,142.933,149.732,156.532,163.331,,,,,,,,,,,,,,,,,,,,,,,,,,,,,,,,,,,
142.000,,133.969,140.996,148.022,155.049,162.076,,142.000,,136.612,143.426,150.239,157.052,163.866,,,,,,,,,,,,,,,,,,,,,,,,,,,,,,,,,,,
143.000,,134.436,141.492,148.548,155.604,162.660,,143.000,,137.085,143.912,150.739,157.566,164.393,,,,,,,,,,,,,,,,,,,,,,,,,,,,,,,,,,,
144.000,,134.909,141.995,149.081,156.167,163.252,,144.000,,137.552,144.392,151.233,158.073,164.913,,,,,,,,,,,,,,,,,,,,,,,,,,,,,,,,,,,
145.000,,135.392,142.507,149.621,156.736,163.850,,145.000,,138.015,144.867,151.718,158.570,165.421,,,,,,,,,,,,,,,,,,,,,,,,,,,,,,,,,,,
146.000,,135.879,143.024,150.169,157.314,164.460,,146.000,,138.467,145.331,152.195,159.059,165.923,,,,,,,,,,,,,,,,,,,,,,,,,,,,,,,,,,,
147.000,,136.380,143.553,150.726,157.899,165.072,,147.000,,138.914,145.788,152.663,159.537,166.412,,,,,,,,,,,,,,,,,,,,,,,,,,,,,,,,,,,
148.000,,136.884,144.087,151.290,158.493,165.696,,148.000,,139.349,146.235,153.121,160.006,166.892,,,,,,,,,,,,,,,,,,,,,,,,,,,,,,,,,,,
149.000,,137.399,144.631,151.862,159.094,166.326,,149.000,,139.777,146.673,153.568,160.463,167.358,,,,,,,,,,,,,,,,,,,,,,,,,,,,,,,,,,,
150.000,,137.921,145.182,152.442,159.703,166.964,,150.000,,140.196,147.100,154.004,160.908,167.812,,,,,,,,,,,,,,,,,,,,,,,,,,,,,,,,,,,
151.000,,138.452,145.741,153.030,160.319,167.607,,151.000,,140.605,147.517,154.429,161.341,168.253,,,,,,,,,,,,,,,,,,,,,,,,,,,,,,,,,,,
152.000,,138.986,146.305,153.623,160.942,168.261,,152.000,,141.006,147.924,154.842,161.761,168.679,,,,,,,,,,,,,,,,,,,,,,,,,,,,,,,,,,,
153.000,,139.531,146.877,154.222,161.568,168.914,,153.000,,141.393,148.318,155.244,162.169,169.095,,,,,,,,,,,,,,,,,,,,,,,,,,,,,,,,,,,
154.000,,140.077,147.451,154.826,162.200,169.575,,154.000,,141.769,148.701,155.633,162.565,169.497,,,,,,,,,,,,,,,,,,,,,,,,,,,,,,,,,,,
155.000,,140.629,148.031,155.433,162.835,170.236,,155.000,,142.138,149.074,156.010,162.946,169.883,,,,,,,,,,,,,,,,,,,,,,,,,,,,,,,,,,,
156.000,,141.187,148.615,156.043,163.470,170.898,,156.000,,142.492,149.433,156.375,163.316,170.258,,,,,,,,,,,,,,,,,,,,,,,,,,,,,,,,,,,
157.000,,141.747,149.200,156.654,164.107,171.561,,157.000,,142.838,149.782,156.727,163.671,170.616,,,,,,,,,,,,,,,,,,,,,,,,,,,,,,,,,,,
158.000,,142.307,149.786,157.266,164.746,172.225,,158.000,,143.172,150.120,157.067,164.014,170.961,,,,,,,,,,,,,,,,,,,,,,,,,,,,,,,,,,,
159.000,,142.867,150.372,157.878,165.383,172.888,,159.000,,143.496,150.445,157.394,164.343,171.291,,,,,,,,,,,,,,,,,,,,,,,,,,,,,,,,,,,
160.000,,143.428,150.957,158.487,166.017,173.547,,160.000,,143.805,150.756,157.708,164.660,171.612,,,,,,,,,,,,,,,,,,,,,,,,,,,,,,,,,,,
161.000,,143.989,151.542,159.094,166.646,174.198,,161.000,,144.105,151.058,158.010,164.963,171.915,,,,,,,,,,,,,,,,,,,,,,,,,,,,,,,,,,,
162.000,,144.544,152.120,159.696,167.272,174.848,,162.000,,144.395,151.347,158.300,165.252,172.205,,,,,,,,,,,,,,,,,,,,,,,,,,,,,,,,,,,
163.000,,145.098,152.696,160.294,167.892,175.490,,163.000,,144.673,151.625,158.577,165.529,172.481,,,,,,,,,,,,,,,,,,,,,,,,,,,,,,,,,,,
164.000,,145.650,153.268,160.886,168.504,176.122,,164.000,,144.941,151.892,158.842,165.793,172.744,,,,,,,,,,,,,,,,,,,,,,,,,,,,,,,,,,,
165.000,,146.197,153.834,161.472,169.110,176.747,,165.000,,145.194,152.145,159.096,166.047,172.998,,,,,,,,,,,,,,,,,,,,,,,,,,,,,,,,,,,
166.000,,146.737,154.394,162.050,169.707,177.364,,166.000,,145.441,152.389,159.338,166.287,173.236,,,,,,,,,,,,,,,,,,,,,,,,,,,,,,,,,,,
167.000,,147.269,154.945,162.621,170.296,177.972,,167.000,,145.677,152.623,159.569,166.515,173.461,,,,,,,,,,,,,,,,,,,,,,,,,,,,,,,,,,,
168.000,,147.797,155.489,163.182,170.874,178.566,,168.000,,145.903,152.846,159.789,166.732,173.675,,,,,,,,,,,,,,,,,,,,,,,,,,,,,,,,,,,
169.000,,148.318,156.025,163.732,171.439,179.146,,169.000,,146.120,153.059,159.998,166.937,173.877,,,,,,,,,,,,,,,,,,,,,,,,,,,,,,,,,,,
170.000,,148.827,156.549,164.272,171.994,179.717,,170.000,,146.324,153.261,160.197,167.134,174.070,,,,,,,,,,,,,,,,,,,,,,,,,,,,,,,,,,,
171.000,,149.328,157.064,164.799,172.535,180.271,,171.000,,146.522,153.454,160.386,167.318,174.249,,,,,,,,,,,,,,,,,,,,,,,,,,,,,,,,,,,
172.000,,149.818,157.566,165.314,173.063,180.811,,172.000,,146.711,153.638,160.564,167.491,174.418,,,,,,,,,,,,,,,,,,,,,,,,,,,,,,,,,,,
173.000,,150.299,158.058,165.816,173.575,181.334,,173.000,,146.888,153.810,160.733,167.656,174.579,,,,,,,,,,,,,,,,,,,,,,,,,,,,,,,,,,,
174.000,,150.769,158.537,166.305,174.073,181.841,,174.000,,147.059,153.976,160.893,167.809,174.726,,,,,,,,,,,,,,,,,,,,,,,,,,,,,,,,,,,
175.000,,151.226,159.003,166.780,174.557,182.334,,175.000,,147.219,154.131,161.043,167.955,174.867,,,,,,,,,,,,,,,,,,,,,,,,,,,,,,,,,,,
176.000,,151.671,159.456,167.242,175.027,182.812,,176.000,,147.374,154.279,161.184,168.090,174.995,,,,,,,,,,,,,,,,,,,,,,,,,,,,,,,,,,,
177.000,,152.108,159.899,167.690,175.481,183.272,,177.000,,147.518,154.418,161.318,168.217,175.117,,,,,,,,,,,,,,,,,,,,,,,,,,,,,,,,,,,
178.000,,152.534,160.330,168.126,175.921,183.717,,178.000,,147.655,154.549,161.442,168.336,175.230,,,,,,,,,,,,,,,,,,,,,,,,,,,,,,,,,,,
179.000,,152.947,160.748,168.548,176.349,184.149,,179.000,,147.785,154.672,161.560,168.447,175.334,,,,,,,,,,,,,,,,,,,,,,,,,,,,,,,,,,,
180.000,,153.350,161.154,168.958,176.762,184.566,,180.000,,147.911,154.790,161.669,168.548,175.427,,,,,,,,,,,,,,,,,,,,,,,,,,,,,,,,,,,
181.000,,153.744,161.549,169.355,177.160,184.966,,181.000,,148.028,154.900,161.772,168.644,175.516,,,,,,,,,,,,,,,,,,,,,,,,,,,,,,,,,,,
182.000,,154.126,161.933,169.739,177.545,185.351,,182.000,,148.138,155.003,161.867,168.732,175.597,,,,,,,,,,,,,,,,,,,,,,,,,,,,,,,,,,,
183.000,,154.497,162.304,170.110,177.916,185.723,,183.000,,148.239,155.098,161.956,168.815,175.674,,,,,,,,,,,,,,,,,,,,,,,,,,,,,,,,,,,
184.000,,154.857,162.662,170.468,178.274,186.079,,184.000,,148.337,155.188,162.039,168.890,175.741,,,,,,,,,,,,,,,,,,,,,,,,,,,,,,,,,,,
185.000,,155.205,163.009,170.814,178.618,186.423,,185.000,,148.431,155.273,162.116,168.959,175.802,,,,,,,,,,,,,,,,,,,,,,,,,,,,,,,,,,,
186.000,,155.542,163.344,171.147,178.949,186.752,,186.000,,148.519,155.353,162.188,169.023,175.857,,,,,,,,,,,,,,,,,,,,,,,,,,,,,,,,,,,
187.000,,155.871,163.670,171.468,179.266,187.065,,187.000,,148.599,155.427,162.254,169.082,175.910,,,,,,,,,,,,,,,,,,,,,,,,,,,,,,,,,,,
188.000,,156.187,163.982,171.777,179.573,187.368,,188.000,,148.678,155.497,162.315,169.134,175.953,,,,,,,,,,,,,,,,,,,,,,,,,,,,,,,,,,,
189.000,,156.495,164.285,172.075,179.865,187.654,,189.000,,148.749,155.560,162.372,169.183,175.995,,,,,,,,,,,,,,,,,,,,,,,,,,,,,,,,,,,
190.000,,156.793,164.577,172.361,180.144,187.928,,190.000,,148.816,155.620,162.424,169.228,176.032,,,,,,,,,,,,,,,,,,,,,,,,,,,,,,,,,,,
191.000,,157.077,164.856,172.634,180.413,188.192,,191.000,,148.883,155.677,162.472,169.266,176.061,,,,,,,,,,,,,,,,,,,,,,,,,,,,,,,,,,,
192.000,,157.353,165.125,172.897,180.668,188.440,,192.000,,148.942,155.729,162.516,169.302,176.089,,,,,,,,,,,,,,,,,,,,,,,,,,,,,,,,,,,
193.000,,157.619,165.383,173.147,180.911,188.675,,193.000,,148.999,155.777,162.556,169.335,176.113,,,,,,,,,,,,,,,,,,,,,,,,,,,,,,,,,,,
194.000,,157.875,165.630,173.386,181.141,188.897,,194.000,,149.053,155.823,162.593,169.364,176.134,,,,,,,,,,,,,,,,,,,,,,,,,,,,,,,,,,,
195.000,,158.119,165.866,173.613,181.359,189.106,,195.000,,149.103,155.866,162.628,169.390,176.152,,,,,,,,,,,,,,,,,,,,,,,,,,,,,,,,,,,
196.000,,158.354,166.091,173.828,181.565,189.302,,196.000,,149.152,155.906,162.659,169.413,176.167,,,,,,,,,,,,,,,,,,,,,,,,,,,,,,,,,,,
197.000,,158.578,166.305,174.032,181.759,189.486,,197.000,,149.196,155.942,162.689,169.436,176.182,,,,,,,,,,,,,,,,,,,,,,,,,,,,,,,,,,,
198.000,,158.792,166.509,174.225,181.942,189.658,,198.000,,149.240,155.978,162.716,169.455,176.193,,,,,,,,,,,,,,,,,,,,,,,,,,,,,,,,,,,
199.000,,158.996,166.702,174.407,182.112,189.818,,199.000,,149.280,156.011,162.742,169.474,176.205,,,,,,,,,,,,,,,,,,,,,,,,,,,,,,,,,,,
200.000,,159.191,166.885,174.578,182.272,189.966,,200.000,,149.322,156.045,162.767,169.489,176.212,,,,,,,,,,,,,,,,,,,,,,,,,,,,,,,,,,,
201.000,,159.376,167.058,174.739,182.421,190.102,,201.000,,149.360,156.075,162.790,169.506,176.221,,,,,,,,,,,,,,,,,,,,,,,,,,,,,,,,,,,
202.000,,159.552,167.221,174.890,182.559,190.227,,202.000,,149.400,156.106,162.813,169.519,176.225,,,,,,,,,,,,,,,,,,,,,,,,,,,,,,,,,,,
203.000,,159.715,167.373,175.030,182.688,190.345,,203.000,,149.436,156.135,162.834,169.533,176.232,,,,,,,,,,,,,,,,,,,,,,,,,,,,,,,,,,,
204.000,,159.873,167.517,175.161,182.805,190.449,,204.000,,149.471,156.163,162.854,169.546,176.238,,,,,,,,,,,,,,,,,,,,,,,,,,,,,,,,,,,
205.000,,160.022,167.652,175.282,182.912,190.542,,205.000,,149.506,156.190,162.874,169.559,176.243,,,,,,,,,,,,,,,,,,,,,,,,,,,,,,,,,,,
206.000,,160.160,167.778,175.395,183.013,190.630,,206.000,,149.539,156.216,162.894,169.571,176.248,,,,,,,,,,,,,,,,,,,,,,,,,,,,,,,,,,,
207.000,,160.294,167.897,175.500,183.102,190.705,,207.000,,149.573,156.242,162.912,169.582,176.251,,,,,,,,,,,,,,,,,,,,,,,,,,,,,,,,,,,
208.000,,160.417,168.007,175.596,183.185,190.774,,208.000,,149.606,156.268,162.930,169.592,176.254,,,,,,,,,,,,,,,,,,,,,,,,,,,,,,,,,,,
209.000,,160.537,168.111,175.685,183.259,190.833,,209.000,,149.638,156.293,162.948,169.602,176.257,,,,,,,,,,,,,,,,,,,,,,,,,,,,,,,,,,,
210.000,,160.648,168.207,175.767,183.327,190.887,,210.000,,149.667,156.316,162.965,169.614,176.263,,,,,,,,,,,,,,,,,,,,,,,,,,,,,,,,,,,
211.000,,160.752,168.298,175.843,183.389,190.934,,211.000,,149.699,156.340,162.982,169.623,176.265,,,,,,,,,,,,,,,,,,,,,,,,,,,,,,,,,,,
212.000,,160.852,168.382,175.913,183.444,190.975,,212.000,,149.727,156.363,162.998,169.634,176.270,,,,,,,,,,,,,,,,,,,,,,,,,,,,,,,,,,,
213.000,,160.946,168.462,175.978,183.494,191.010,,213.000,,149.758,156.386,163.014,169.643,176.271,,,,,,,,,,,,,,,,,,,,,,,,,,,,,,,,,,,
214.000,,161.036,168.537,176.038,183.539,191.040,,214.000,,149.785,156.408,163.030,169.652,176.275,,,,,,,,,,,,,,,,,,,,,,,,,,,,,,,,,,,
215.000,,161.122,168.608,176.094,183.579,191.065,,215.000,,149.812,156.429,163.045,169.661,176.278,,,,,,,,,,,,,,,,,,,,,,,,,,,,,,,,,,,
216.000,,161.204,168.675,176.145,183.615,191.086,,216.000,,149.842,156.451,163.060,169.668,176.277,,,,,,,,,,,,,,,,,,,,,,,,,,,,,,,,,,,
217.000,,161.280,168.736,176.192,183.649,191.105,,217.000,,149.868,156.470,163.073,169.676,176.279,,,,,,,,,,,,,,,,,,,,,,,,,,,,,,,,,,,
218.000,,161.355,168.796,176.237,183.678,191.118,,218.000,,149.893,156.489,163.086,169.683,176.280,,,,,,,,,,,,,,,,,,,,,,,,,,,,,,,,,,,
219.000,,161.425,168.851,176.278,183.704,191.131,,219.000,,149.917,156.507,163.098,169.689,176.280,,,,,,,,,,,,,,,,,,,,,,,,,,,,,,,,,,,
220.000,,161.492,168.904,176.316,183.729,191.141,,220.000,,149.940,156.524,163.109,169.694,176.279,,,,,,,,,,,,,,,,,,,,,,,,,,,,,,,,,,,
221.000,,161.556,168.954,176.352,183.750,191.148,,221.000,,149.959,156.539,163.119,169.699,176.280,,,,,,,,,,,,,,,,,,,,,,,,,,,,,,,,,,,
222.000,,161.622,169.003,176.385,183.767,191.149,,222.000,,149.980,156.554,163.128,169.702,176.276,,,,,,,,,,,,,,,,,,,,,,,,,,,,,,,,,,,
223.000,,161.678,169.047,176.416,183.785,191.154,,223.000,,150.000,156.568,163.136,169.703,176.271,,,,,,,,,,,,,,,,,,,,,,,,,,,,,,,,,,,
224.000,,161.737,169.091,176.445,183.800,191.154,,224.000,,150.015,156.579,163.142,169.705,176.268,,,,,,,,,,,,,,,,,,,,,,,,,,,,,,,,,,,
225.000,,161.793,169.133,176.472,183.812,191.151,,225.000,,150.033,156.590,163.147,169.704,176.261,,,,,,,,,,,,,,,,,,,,,,,,,,,,,,,,,,,
226.000,,161.848,169.173,176.498,183.822,191.147,,226.000,,150.047,156.599,163.151,169.703,176.255,,,,,,,,,,,,,,,,,,,,,,,,,,,,,,,,,,,
227.000,,161.898,169.210,176.521,183.833,191.144,,227.000,,150.062,156.608,163.153,169.699,176.245,,,,,,,,,,,,,,,,,,,,,,,,,,,,,,,,,,,
228.000,,161.947,169.245,176.543,183.841,191.140,,228.000,,150.073,156.614,163.155,169.696,176.237,,,,,,,,,,,,,,,,,,,,,,,,,,,,,,,,,,,
,,,,,,,,,,,,,,,,,,,,,,,,,,,,,,,,,,,,,,,,,,,,,,,,,
,,,,,,,,,,,,,,,,,,,,,,,,,,,,,,,,,,,,,,,,,,,,,,,,,
,,,,,,,,,,,,,,,,,,,,,,,,,,,,,,,,,,,,,,,,,,,,,,,,,
,,,,,,,,,,,,,,,,,,,,,,,,,,,,,,,,,,,,,,,,,,,,,,,,,
,,,,,,,,,,,,,,,,,,,,,,,,,,,,,,,,,,,,,,,,,,,,,,,,,
,,,,,,,,,,,,,,,,,,,,,,,,,,,,,,,,,,,,,,,,,,,,,,,,,
,,,,,,,,,,,,,,,,,,,,,,,,,,,,,,,,,,,,,,,,,,,,,,,,,
,,,,,,,,,,,,,,,,,,,,,,,,,,,,,,,,,,,,,,,,,,,,,,,,,
,,,,,,,,,,,,,,,,,,,,,,,,,,,,,,,,,,,,,,,,,,,,,,,,,
,,,,,,,,,,,,,,,,,,,,,,,,,,,,,,,,,,,,,,,,,,,,,,,,,
,,,,,,,,,,,,,,,,,,,,,,,,,,,,,,,,,,,,,,,,,,,,,,,,,
,,,,,,,,,,,,,,,,,,,,,,,,,,,,,,,,,,,,,,,,,,,,,,,,,
,,,,,,,,,,,,,,,,,,,,,,,,,,,,,,,,,,,,,,,,,,,,,,,,,
,,,,,,,,,,,,,,,,,,,,,,,,,,,,,,,,,,,,,,,,,,,,,,,,,
,,,,,,,,,,,,,,,,,,,,,,,,,,,,,,,,,,,,,,,,,,,,,,,,,
,,,,,,,,,,,,,,,,,,,,,,,,,,,,,,,,,,,,,,,,,,,,,,,,,
,,,,,,,,,,,,,,,,,,,,,,,,,,,,,,,,,,,,,,,,,,,,,,,,,
,,,,,,,,,,,,,,,,,,,,,,,,,,,,,,,,,,,,,,,,,,,,,,,,,
,,,,,,,,,,,,,,,,,,,,,,,,,,,,,,,,,,,,,,,,,,,,,,,,,
,,,,,,,,,,,,,,,,,,,,,,,,,,,,,,,,,,,,,,,,,,,,,,,,,
,,,,,,,,,,,,,,,,,,,,,,,,,,,,,,,,,,,,,,,,,,,,,,,,,
,,,,,,,,,,,,,,,,,,,,,,,,,,,,,,,,,,,,,,,,,,,,,,,,,
,,,,,,,,,,,,,,,,,,,,,,,,,,,,,,,,,,,,,,,,,,,,,,,,,
,,,,,,,,,,,,,,,,,,,,,,,,,,,,,,,,,,,,,,,,,,,,,,,,,
,,,,,,,,,,,,,,,,,,,,,,,,,,,,,,,,,,,,,,,,,,,,,,,,,
,,,,,,,,,,,,,,,,,,,,,,,,,,,,,,,,,,,,,,,,,,,,,,,,,
,,,,,,,,,,,,,,,,,,,,,,,,,,,,,,,,,,,,,,,,,,,,,,,,,
,,,,,,,,,,,,,,,,,,,,,,,,,,,,,,,,,,,,,,,,,,,,,,,,,
,,,,,,,,,,,,,,,,,,,,,,,,,,,,,,,,,,,,,,,,,,,,,,,,,
,,,,,,,,,,,,,,,,,,,,,,,,,,,,,,,,,,,,,,,,,,,,,,,,,
,,,,,,,,,,,,,,,,,,,,,,,,,,,,,,,,,,,,,,,,,,,,,,,,,
,,,,,,,,,,,,,,,,,,,,,,,,,,,,,,,,,,,,,,,,,,,,,,,,,
,,,,,,,,,,,,,,,,,,,,,,,,,,,,,,,,,,,,,,,,,,,,,,,,,
,,,,,,,,,,,,,,,,,,,,,,,,,,,,,,,,,,,,,,,,,,,,,,,,,
,,,,,,,,,,,,,,,,,,,,,,,,,,,,,,,,,,,,,,,,,,,,,,,,,
,,,,,,,,,,,,,,,,,,,,,,,,,,,,,,,,,,,,,,,,,,,,,,,,,
,,,,,,,,,,,,,,,,,,,,,,,,,,,,,,,,,,,,,,,,,,,,,,,,,
,,,,,,,,,,,,,,,,,,,,,,,,,,,,,,,,,,,,,,,,,,,,,,,,,
,,,,,,,,,,,,,,,,,,,,,,,,,,,,,,,,,,,,,,,,,,,,,,,,,
,,,,,,,,,,,,,,,,,,,,,,,,,,,,,,,,,,,,,,,,,,,,,,,,,
,,,,,,,,,,,,,,,,,,,,,,,,,,,,,,,,,,,,,,,,,,,,,,,,,
,,,,,,,,,,,,,,,,,,,,,,,,,,,,,,,,,,,,,,,,,,,,,,,,,
,,,,,,,,,,,,,,,,,,,,,,,,,,,,,,,,,,,,,,,,,,,,,,,,,
,,,,,,,,,,,,,,,,,,,,,,,,,,,,,,,,,,,,,,,,,,,,,,,,,
,,,,,,,,,,,,,,,,,,,,,,,,,,,,,,,,,,,,,,,,,,,,,,,,,
,,,,,,,,,,,,,,,,,,,,,,,,,,,,,,,,,,,,,,,,,,,,,,,,,
,,,,,,,,,,,,,,,,,,,,,,,,,,,,,,,,,,,,,,,,,,,,,,,,,
,,,,,,,,,,,,,,,,,,,,,,,,,,,,,,,,,,,,,,,,,,,,,,,,,
,,,,,,,,,,,,,,,,,,,,,,,,,,,,,,,,,,,,,,,,,,,,,,,,,
,,,,,,,,,,,,,,,,,,,,,,,,,,,,,,,,,,,,,,,,,,,,,,,,,
,,,,,,,,,,,,,,,,,,,,,,,,,,,,,,,,,,,,,,,,,,,,,,,,,
,,,,,,,,,,,,,,,,,,,,,,,,,,,,,,,,,,,,,,,,,,,,,,,,,
,,,,,,,,,,,,,,,,,,,,,,,,,,,,,,,,,,,,,,,,,,,,,,,,,
,,,,,,,,,,,,,,,,,,,,,,,,,,,,,,,,,,,,,,,,,,,,,,,,,
,,,,,,,,,,,,,,,,,,,,,,,,,,,,,,,,,,,,,,,,,,,,,,,,,
,,,,,,,,,,,,,,,,,,,,,,,,,,,,,,,,,,,,,,,,,,,,,,,,,
,,,,,,,,,,,,,,,,,,,,,,,,,,,,,,,,,,,,,,,,,,,,,,,,,
,,,,,,,,,,,,,,,,,,,,,,,,,,,,,,,,,,,,,,,,,,,,,,,,,
,,,,,,,,,,,,,,,,,,,,,,,,,,,,,,,,,,,,,,,,,,,,,,,,,
,,,,,,,,,,,,,,,,,,,,,,,,,,,,,,,,,,,,,,,,,,,,,,,,,
,,,,,,,,,,,,,,,,,,,,,,,,,,,,,,,,,,,,,,,,,,,,,,,,,
,,,,,,,,,,,,,,,,,,,,,,,,,,,,,,,,,,,,,,,,,,,,,,,,,
,,,,,,,,,,,,,,,,,,,,,,,,,,,,,,,,,,,,,,,,,,,,,,,,,
,,,,,,,,,,,,,,,,,,,,,,,,,,,,,,,,,,,,,,,,,,,,,,,,,
,,,,,,,,,,,,,,,,,,,,,,,,,,,,,,,,,,,,,,,,,,,,,,,,,
,,,,,,,,,,,,,,,,,,,,,,,,,,,,,,,,,,,,,,,,,,,,,,,,,
,,,,,,,,,,,,,,,,,,,,,,,,,,,,,,,,,,,,,,,,,,,,,,,,,
,,,,,,,,,,,,,,,,,,,,,,,,,,,,,,,,,,,,,,,,,,,,,,,,,
,,,,,,,,,,,,,,,,,,,,,,,,,,,,,,,,,,,,,,,,,,,,,,,,,
,,,,,,,,,,,,,,,,,,,,,,,,,,,,,,,,,,,,,,,,,,,,,,,,,
,,,,,,,,,,,,,,,,,,,,,,,,,,,,,,,,,,,,,,,,,,,,,,,,,
,,,,,,,,,,,,,,,,,,,,,,,,,,,,,,,,,,,,,,,,,,,,,,,,,
,,,,,,,,,,,,,,,,,,,,,,,,,,,,,,,,,,,,,,,,,,,,,,,,,
,,,,,,,,,,,,,,,,,,,,,,,,,,,,,,,,,,,,,,,,,,,,,,,,,
,,,,,,,,,,,,,,,,,,,,,,,,,,,,,,,,,,,,,,,,,,,,,,,,,
,,,,,,,,,,,,,,,,,,,,,,,,,,,,,,,,,,,,,,,,,,,,,,,,,
,,,,,,,,,,,,,,,,,,,,,,,,,,,,,,,,,,,,,,,,,,,,,,,,,
,,,,,,,,,,,,,,,,,,,,,,,,,,,,,,,,,,,,,,,,,,,,,,,,,
,,,,,,,,,,,,,,,,,,,,,,,,,,,,,,,,,,,,,,,,,,,,,,,,,
,,,,,,,,,,,,,,,,,,,,,,,,,,,,,,,,,,,,,,,,,,,,,,,,,
,,,,,,,,,,,,,,,,,,,,,,,,,,,,,,,,,,,,,,,,,,,,,,,,,
,,,,,,,,,,,,,,,,,,,,,,,,,,,,,,,,,,,,,,,,,,,,,,,,,
,,,,,,,,,,,,,,,,,,,,,,,,,,,,,,,,,,,,,,,,,,,,,,,,,
,,,,,,,,,,,,,,,,,,,,,,,,,,,,,,,,,,,,,,,,,,,,,,,,,
,,,,,,,,,,,,,,,,,,,,,,,,,,,,,,,,,,,,,,,,,,,,,,,,,
,,,,,,,,,,,,,,,,,,,,,,,,,,,,,,,,,,,,,,,,,,,,,,,,,
,,,,,,,,,,,,,,,,,,,,,,,,,,,,,,,,,,,,,,,,,,,,,,,,,
,,,,,,,,,,,,,,,,,,,,,,,,,,,,,,,,,,,,,,,,,,,,,,,,,
,,,,,,,,,,,,,,,,,,,,,,,,,,,,,,,,,,,,,,,,,,,,,,,,,
,,,,,,,,,,,,,,,,,,,,,,,,,,,,,,,,,,,,,,,,,,,,,,,,,
,,,,,,,,,,,,,,,,,,,,,,,,,,,,,,,,,,,,,,,,,,,,,,,,,
,,,,,,,,,,,,,,,,,,,,,,,,,,,,,,,,,,,,,,,,,,,,,,,,,
,,,,,,,,,,,,,,,,,,,,,,,,,,,,,,,,,,,,,,,,,,,,,,,,,
,,,,,,,,,,,,,,,,,,,,,,,,,,,,,,,,,,,,,,,,,,,,,,,,,
,,,,,,,,,,,,,,,,,,,,,,,,,,,,,,,,,,,,,,,,,,,,,,,,,
,,,,,,,,,,,,,,,,,,,,,,,,,,,,,,,,,,,,,,,,,,,,,,,,,
,,,,,,,,,,,,,,,,,,,,,,,,,,,,,,,,,,,,,,,,,,,,,,,,,
,,,,,,,,,,,,,,,,,,,,,,,,,,,,,,,,,,,,,,,,,,,,,,,,,
,,,,,,,,,,,,,,,,,,,,,,,,,,,,,,,,,,,,,,,,,,,,,,,,,
,,,,,,,,,,,,,,,,,,,,,,,,,,,,,,,,,,,,,,,,,,,,,,,,,
,,,,,,,,,,,,,,,,,,,,,,,,,,,,,,,,,,,,,,,,,,,,,,,,,
,,,,,,,,,,,,,,,,,,,,,,,,,,,,,,,,,,,,,,,,,,,,,,,,,
,,,,,,,,,,,,,,,,,,,,,,,,,,,,,,,,,,,,,,,,,,,,,,,,,
,,,,,,,,,,,,,,,,,,,,,,,,,,,,,,,,,,,,,,,,,,,,,,,,,
,,,,,,,,,,,,,,,,,,,,,,,,,,,,,,,,,,,,,,,,,,,,,,,,,
,,,,,,,,,,,,,,,,,,,,,,,,,,,,,,,,,,,,,,,,,,,,,,,,,
,,,,,,,,,,,,,,,,,,,,,,,,,,,,,,,,,,,,,,,,,,,,,,,,,
,,,,,,,,,,,,,,,,,,,,,,,,,,,,,,,,,,,,,,,,,,,,,,,,,
,,,,,,,,,,,,,,,,,,,,,,,,,,,,,,,,,,,,,,,,,,,,,,,,,
,,,,,,,,,,,,,,,,,,,,,,,,,,,,,,,,,,,,,,,,,,,,,,,,,
,,,,,,,,,,,,,,,,,,,,,,,,,,,,,,,,,,,,,,,,,,,,,,,,,
,,,,,,,,,,,,,,,,,,,,,,,,,,,,,,,,,,,,,,,,,,,,,,,,,
,,,,,,,,,,,,,,,,,,,,,,,,,,,,,,,,,,,,,,,,,,,,,,,,,
,,,,,,,,,,,,,,,,,,,,,,,,,,,,,,,,,,,,,,,,,,,,,,,,,
,,,,,,,,,,,,,,,,,,,,,,,,,,,,,,,,,,,,,,,,,,,,,,,,,
,,,,,,,,,,,,,,,,,,,,,,,,,,,,,,,,,,,,,,,,,,,,,,,,,
,,,,,,,,,,,,,,,,,,,,,,,,,,,,,,,,,,,,,,,,,,,,,,,,,
,,,,,,,,,,,,,,,,,,,,,,,,,,,,,,,,,,,,,,,,,,,,,,,,,
,,,,,,,,,,,,,,,,,,,,,,,,,,,,,,,,,,,,,,,,,,,,,,,,,
,,,,,,,,,,,,,,,,,,,,,,,,,,,,,,,,,,,,,,,,,,,,,,,,,
,,,,,,,,,,,,,,,,,,,,,,,,,,,,,,,,,,,,,,,,,,,,,,,,,
,,,,,,,,,,,,,,,,,,,,,,,,,,,,,,,,,,,,,,,,,,,,,,,,,
,,,,,,,,,,,,,,,,,,,,,,,,,,,,,,,,,,,,,,,,,,,,,,,,,
,,,,,,,,,,,,,,,,,,,,,,,,,,,,,,,,,,,,,,,,,,,,,,,,,
,,,,,,,,,,,,,,,,,,,,,,,,,,,,,,,,,,,,,,,,,,,,,,,,,
,,,,,,,,,,,,,,,,,,,,,,,,,,,,,,,,,,,,,,,,,,,,,,,,,
,,,,,,,,,,,,,,,,,,,,,,,,,,,,,,,,,,,,,,,,,,,,,,,,,
,,,,,,,,,,,,,,,,,,,,,,,,,,,,,,,,,,,,,,,,,,,,,,,,,
,,,,,,,,,,,,,,,,,,,,,,,,,,,,,,,,,,,,,,,,,,,,,,,,,
,,,,,,,,,,,,,,,,,,,,,,,,,,,,,,,,,,,,,,,,,,,,,,,,,
,,,,,,,,,,,,,,,,,,,,,,,,,,,,,,,,,,,,,,,,,,,,,,,,,
,,,,,,,,,,,,,,,,,,,,,,,,,,,,,,,,,,,,,,,,,,,,,,,,,
,,,,,,,,,,,,,,,,,,,,,,,,,,,,,,,,,,,,,,,,,,,,,,,,,
,,,,,,,,,,,,,,,,,,,,,,,,,,,,,,,,,,,,,,,,,,,,,,,,,
,,,,,,,,,,,,,,,,,,,,,,,,,,,,,,,,,,,,,,,,,,,,,,,,,
,,,,,,,,,,,,,,,,,,,,,,,,,,,,,,,,,,,,,,,,,,,,,,,,,
,,,,,,,,,,,,,,,,,,,,,,,,,,,,,,,,,,,,,,,,,,,,,,,,,
,,,,,,,,,,,,,,,,,,,,,,,,,,,,,,,,,,,,,,,,,,,,,,,,,
,,,,,,,,,,,,,,,,,,,,,,,,,,,,,,,,,,,,,,,,,,,,,,,,,
,,,,,,,,,,,,,,,,,,,,,,,,,,,,,,,,,,,,,,,,,,,,,,,,,
,,,,,,,,,,,,,,,,,,,,,,,,,,,,,,,,,,,,,,,,,,,,,,,,,
,,,,,,,,,,,,,,,,,,,,,,,,,,,,,,,,,,,,,,,,,,,,,,,,,
,,,,,,,,,,,,,,,,,,,,,,,,,,,,,,,,,,,,,,,,,,,,,,,,,
,,,,,,,,,,,,,,,,,,,,,,,,,,,,,,,,,,,,,,,,,,,,,,,,,
,,,,,,,,,,,,,,,,,,,,,,,,,,,,,,,,,,,,,,,,,,,,,,,,,
,,,,,,,,,,,,,,,,,,,,,,,,,,,,,,,,,,,,,,,,,,,,,,,,,
,,,,,,,,,,,,,,,,,,,,,,,,,,,,,,,,,,,,,,,,,,,,,,,,,
,,,,,,,,,,,,,,,,,,,,,,,,,,,,,,,,,,,,,,,,,,,,,,,,,
,,,,,,,,,,,,,,,,,,,,,,,,,,,,,,,,,,,,,,,,,,,,,,,,,
,,,,,,,,,,,,,,,,,,,,,,,,,,,,,,,,,,,,,,,,,,,,,,,,,
,,,,,,,,,,,,,,,,,,,,,,,,,,,,,,,,,,,,,,,,,,,,,,,,,
,,,,,,,,,,,,,,,,,,,,,,,,,,,,,,,,,,,,,,,,,,,,,,,,,
,,,,,,,,,,,,,,,,,,,,,,,,,,,,,,,,,,,,,,,,,,,,,,,,,
,,,,,,,,,,,,,,,,,,,,,,,,,,,,,,,,,,,,,,,,,,,,,,,,,
,,,,,,,,,,,,,,,,,,,,,,,,,,,,,,,,,,,,,,,,,,,,,,,,,
,,,,,,,,,,,,,,,,,,,,,,,,,,,,,,,,,,,,,,,,,,,,,,,,,
,,,,,,,,,,,,,,,,,,,,,,,,,,,,,,,,,,,,,,,,,,,,,,,,,
,,,,,,,,,,,,,,,,,,,,,,,,,,,,,,,,,,,,,,,,,,,,,,,,,
,,,,,,,,,,,,,,,,,,,,,,,,,,,,,,,,,,,,,,,,,,,,,,,,,
,,,,,,,,,,,,,,,,,,,,,,,,,,,,,,,,,,,,,,,,,,,,,,,,,
,,,,,,,,,,,,,,,,,,,,,,,,,,,,,,,,,,,,,,,,,,,,,,,,,
,,,,,,,,,,,,,,,,,,,,,,,,,,,,,,,,,,,,,,,,,,,,,,,,,
,,,,,,,,,,,,,,,,,,,,,,,,,,,,,,,,,,,,,,,,,,,,,,,,,
,,,,,,,,,,,,,,,,,,,,,,,,,,,,,,,,,,,,,,,,,,,,,,,,,
,,,,,,,,,,,,,,,,,,,,,,,,,,,,,,,,,,,,,,,,,,,,,,,,,
,,,,,,,,,,,,,,,,,,,,,,,,,,,,,,,,,,,,,,,,,,,,,,,,,
,,,,,,,,,,,,,,,,,,,,,,,,,,,,,,,,,,,,,,,,,,,,,,,,,
,,,,,,,,,,,,,,,,,,,,,,,,,,,,,,,,,,,,,,,,,,,,,,,,,
,,,,,,,,,,,,,,,,,,,,,,,,,,,,,,,,,,,,,,,,,,,,,,,,,
,,,,,,,,,,,,,,,,,,,,,,,,,,,,,,,,,,,,,,,,,,,,,,,,,
,,,,,,,,,,,,,,,,,,,,,,,,,,,,,,,,,,,,,,,,,,,,,,,,,
,,,,,,,,,,,,,,,,,,,,,,,,,,,,,,,,,,,,,,,,,,,,,,,,,
,,,,,,,,,,,,,,,,,,,,,,,,,,,,,,,,,,,,,,,,,,,,,,,,,
,,,,,,,,,,,,,,,,,,,,,,,,,,,,,,,,,,,,,,,,,,,,,,,,,
,,,,,,,,,,,,,,,,,,,,,,,,,,,,,,,,,,,,,,,,,,,,,,,,,
,,,,,,,,,,,,,,,,,,,,,,,,,,,,,,,,,,,,,,,,,,,,,,,,,
,,,,,,,,,,,,,,,,,,,,,,,,,,,,,,,,,,,,,,,,,,,,,,,,,
,,,,,,,,,,,,,,,,,,,,,,,,,,,,,,,,,,,,,,,,,,,,,,,,,
,,,,,,,,,,,,,,,,,,,,,,,,,,,,,,,,,,,,,,,,,,,,,,,,,
,,,,,,,,,,,,,,,,,,,,,,,,,,,,,,,,,,,,,,,,,,,,,,,,,
,,,,,,,,,,,,,,,,,,,,,,,,,,,,,,,,,,,,,,,,,,,,,,,,,
,,,,,,,,,,,,,,,,,,,,,,,,,,,,,,,,,,,,,,,,,,,,,,,,,
,,,,,,,,,,,,,,,,,,,,,,,,,,,,,,,,,,,,,,,,,,,,,,,,,
,,,,,,,,,,,,,,,,,,,,,,,,,,,,,,,,,,,,,,,,,,,,,,,,,
,,,,,,,,,,,,,,,,,,,,,,,,,,,,,,,,,,,,,,,,,,,,,,,,,
,,,,,,,,,,,,,,,,,,,,,,,,,,,,,,,,,,,,,,,,,,,,,,,,,
,,,,,,,,,,,,,,,,,,,,,,,,,,,,,,,,,,,,,,,,,,,,,,,,,
,,,,,,,,,,,,,,,,,,,,,,,,,,,,,,,,,,,,,,,,,,,,,,,,,
,,,,,,,,,,,,,,,,,,,,,,,,,,,,,,,,,,,,,,,,,,,,,,,,,
,,,,,,,,,,,,,,,,,,,,,,,,,,,,,,,,,,,,,,,,,,,,,,,,,
,,,,,,,,,,,,,,,,,,,,,,,,,,,,,,,,,,,,,,,,,,,,,,,,,
,,,,,,,,,,,,,,,,,,,,,,,,,,,,,,,,,,,,,,,,,,,,,,,,,
,,,,,,,,,,,,,,,,,,,,,,,,,,,,,,,,,,,,,,,,,,,,,,,,,
,,,,,,,,,,,,,,,,,,,,,,,,,,,,,,,,,,,,,,,,,,,,,,,,,
